,id,home_label,home_lat,home_lon,state
598918,7586595.0,8a29b6ab159ffff,33.968,-112.739,Arizona
598919,7586598.0,8a2a9560e44ffff,39.97,-82.874,Ohio
598920,7586600.0,8a2ad4155d9ffff,35.472,-77.416,North Carolina
598921,7586608.0,8a2a100b5617fff,40.904,-73.99,New Jersey
598922,7586611.0,8a26c1732687fff,35.022,-97.936,Oklahoma
598923,7586629.0,8a26cbd5ec1ffff,32.631,-97.11,Texas
598924,7586634.0,8a445abb4d4ffff,33.435,-88.873,Mississippi
598925,7586638.0,8a264059ca27fff,38.422,-90.415,Missouri
598926,7586640.0,8a2753786297fff,44.441,-92.146,Minnesota
598927,7586660.0,8a4451165db7fff,31.33,-89.287,Mississippi
598928,7586668.0,8a44e1720a87fff,31.43,-85.639,Alabama
598929,7586674.0,8a44a8399527fff,28.01,-80.606,Florida
598930,7586675.0,8a44ea8888effff,33.148,-85.365,Alabama
598931,7586678.0,8a44daae2727fff,35.427,-80.594,North Carolina
598932,7586679.0,8a44ec79d9affff,32.329,-86.317,Alabama
598933,7586682.0,8a44c221c907fff,33.502,-82.245,Georgia
598934,7586692.0,8a446c72a787fff,29.876,-94.914,Texas
598935,7586703.0,8a2a86c8e957fff,40.769,-81.454,Ohio
598936,7586707.0,8a2ad345b61ffff,33.619,-79.065,South Carolina
598937,7586713.0,8a274838969ffff,42.42,-85.293,Michigan
598938,7586714.0,8a44f07b149ffff,30.457,-81.465,Florida
598939,7586746.0,8a29a54c3707fff,33.653,-117.919,California
598940,7586747.0,8a2aa86a40a7fff,38.733,-77.063,Virginia
598941,7586756.0,8a262d90a0f7fff,44.049,-91.626,Minnesota
598942,7586761.0,8a2aa81a954ffff,39.048,-76.577,Maryland
598943,7586762.0,8a2a12d0b0e7fff,41.255,-75.281,Pennsylvania
598944,7586771.0,8a274c4e54c7fff,43.732,-85.5,Michigan
598945,7586779.0,8a44f57a02cffff,30.201,-82.633,Florida
598946,7586780.0,8a2664cc8cc7fff,41.733,-87.592,Illinois
598947,7586785.0,8a44f17a6747fff,31.217,-82.318,Georgia
598948,7586788.0,8a266c2d2d57fff,38.535,-85.772,Indiana
598949,7586791.0,8a275800e20ffff,43.076,-89.4,Wisconsin
598950,7586824.0,8a264d8a2a07fff,36.341,-86.703,Tennessee
598951,7586825.0,8a2986858cf7fff,36.007,-115.141,Nevada
598952,7586833.0,8a2aab96da37fff,38.31,-76.479,Maryland
598953,7586842.0,8a28360234e7fff,37.699,-120.973,California
598954,7586846.0,8a2818471897fff,43.022,-123.372,Oregon
598955,7586851.0,8a275a215c97fff,42.526,-90.684,Iowa
598956,7586864.0,8a266ac5d317fff,38.027,-87.589,Indiana
598957,7586870.0,8a445ca9baaffff,32.346,-90.295,Mississippi
598958,7586902.0,8a28d550e687fff,47.549,-122.265,Washington
598959,7586903.0,8a444b7b56dffff,34.682,-92.589,Arkansas
598960,7586923.0,8a446c34c887fff,29.983,-95.555,Texas
598961,7586924.0,8a291269a45ffff,34.461,-119.242,California
598962,7586928.0,8a446a906c47fff,30.602,-93.899,Texas
598963,7586932.0,8a444e56938ffff,32.593,-91.989,Louisiana
598964,7586943.0,8a44c4159d87fff,31.852,-83.643,Georgia
598965,7586951.0,8a2aa6229767fff,42.064,-78.167,New York
598966,7586952.0,8a26687b2ae7fff,37.893,-86.682,Indiana
598967,7586953.0,8a2a30695277fff,42.471,-71.492,Massachusetts
598968,7586954.0,8a260ad59937fff,40.985,-96.786,Nebraska
598969,7586959.0,8a2a9d156a9ffff,37.783,-81.174,West Virginia
598970,7586963.0,8a2a9acce517fff,37.653,-84.244,Kentucky
598971,7586964.0,8a2661a60187fff,39.67,-86.047,Indiana
598972,7586967.0,8a44522a2667fff,31.371,-87.029,Alabama
598973,7586976.0,8a44a130242ffff,26.123,-80.286,Florida
598974,7586985.0,8a29a0b62a27fff,33.738,-117.935,California
598975,7586990.0,8a4441899537fff,31.269,-92.479,Louisiana
598976,7586994.0,8a29a46ca81ffff,33.454,-117.099,California
598977,7587003.0,8a44ccdab4cffff,33.987,-84.673,Georgia
598978,7587007.0,8a26495b4aeffff,35.168,-87.713,Tennessee
598979,7587008.0,8a2a846a161ffff,40.274,-80.153,Pennsylvania
598980,7587010.0,8a4413180817fff,26.266,-81.809,Florida
598981,7587012.0,8a44e30ce60ffff,31.763,-84.616,Georgia
598982,7587016.0,8a44c91816b7fff,36.168,-85.465,Tennessee
598983,7587031.0,8a44c1ce501ffff,33.381,-83.886,Georgia
598984,7587037.0,8a2759cc4a57fff,42.583,-88.637,Wisconsin
598985,7587041.0,8a264c26ed17fff,36.318,-87.34,Tennessee
598986,7587045.0,8a275d745ac7fff,43.065,-88.018,Wisconsin
598987,7587051.0,8a2a9059260ffff,40.331,-84.737,Ohio
598988,7587060.0,8a26dc8569a7fff,34.683,-99.915,Oklahoma
598989,7587061.0,8a2aa98daa0ffff,38.207,-75.559,Maryland
598990,7587074.0,8a29a08ae8a7fff,33.611,-117.292,California
598991,7587086.0,8a445b348047fff,34.756,-89.975,Mississippi
598992,7587088.0,8a2aa8d09037fff,39.394,-76.56,Maryland
598993,7587093.0,8a26c8211c9ffff,32.984,-96.547,Texas
598994,7587098.0,8a264305a8f7fff,37.106,-89.912,Missouri
598995,7587100.0,8a26c0603b17fff,35.52,-98.984,Oklahoma
598996,7587146.0,8a444661a077fff,30.438,-90.205,Louisiana
598997,7587147.0,8a266c5912b7fff,39.17,-86.53,Indiana
598998,7587148.0,8a2661b366a7fff,39.937,-86.225,Indiana
598999,7587156.0,8a2aacb34397fff,39.975,-75.301,Pennsylvania
599000,7587165.0,8a445a673607fff,34.038,-88.401,Mississippi
599001,7587166.0,8a44db820037fff,35.721,-81.342,North Carolina
599002,7587168.0,8a275921d017fff,41.934,-88.139,Illinois
599003,7587192.0,8a26cbc20687fff,32.652,-97.202,Texas
599004,7587196.0,8a274b0f33affff,41.643,-85.982,Indiana
599005,7587204.0,8a288558db27fff,43.884,-116.696,Idaho
599006,7587221.0,8a2aac501d6ffff,40.109,-76.327,Pennsylvania
599007,7587231.0,8a2aa6d8c327fff,42.962,-78.671,New York
599008,7587232.0,8a26283a425ffff,43.149,-93.264,Iowa
599009,7587244.0,8a281879920ffff,43.273,-123.427,Oregon
599010,7587262.0,8a44e828811ffff,33.588,-86.513,Alabama
599011,7587276.0,8a2a108110d7fff,41.125,-73.432,Connecticut
599012,7587281.0,8a2834cae48ffff,36.877,-121.645,California
599013,7587284.0,8a44ce941d5ffff,34.334,-84.22,Georgia
599014,7587285.0,8a2ab170335ffff,41.222,-80.819,Ohio
599015,7587313.0,8a28b1c2b8c7fff,42.562,-114.444,Idaho
599016,7587314.0,8a44aea146b7fff,26.944,-80.152,Florida
599017,7587317.0,8a2a924e4d8ffff,39.973,-85.916,Indiana
599018,7587322.0,8a26017569a7fff,42.457,-96.415,Nebraska
599019,7587331.0,8a2aa8434d0ffff,39.139,-77.073,Maryland
599020,7587358.0,8a2ab664dd4ffff,42.628,-82.566,Michigan
599021,7587404.0,8a44a9b9da07fff,28.43,-81.647,Florida
599022,7587408.0,8a44e8080907fff,33.153,-86.264,Alabama
599023,7587427.0,8a44d5c4802ffff,32.123,-81.204,Georgia
599024,7587430.0,8a2a90c32c07fff,40.576,-84.211,Ohio
599025,7587431.0,8a44e851582ffff,32.924,-85.964,Alabama
599026,7587439.0,8a44cdc996f7fff,34.96,-85.457,Georgia
599027,7587449.0,8a2a14aa84b7fff,41.647,-72.681,Connecticut
599028,7587454.0,8a2696074a57fff,40.705,-112.041,Utah
599029,7587462.0,8a2aad6c44a7fff,38.642,-75.613,Delaware
599030,7587472.0,8a288439b887fff,43.643,-116.199,Idaho
599031,7587480.0,8a2ad415268ffff,35.454,-77.475,North Carolina
599032,7587494.0,8a445105d0affff,31.599,-89.188,Mississippi
599033,7587503.0,8a446e148777fff,30.039,-94.076,Texas
599034,7587509.0,8a44c18104affff,33.318,-84.25,Georgia
599035,7587510.0,8a44c12e32affff,34.159,-84.278,Georgia
599036,7587514.0,8a44ee4c25a7fff,32.465,-84.994,Georgia
599037,7587516.0,8a2aaa12cd2ffff,39.026,-77.785,Virginia
599038,7587530.0,8a2b1a8a9a8ffff,44.801,-68.799,Maine
599039,7587535.0,8a26462c4c57fff,38.585,-90.539,Missouri
599040,7587539.0,8a26c8702227fff,33.132,-96.987,Texas
599041,7587557.0,8a26ed0d6ae7fff,36.17,-93.929,Arkansas
599042,7587575.0,8a446c088027fff,29.754,-94.943,Texas
599043,7587578.0,8a44eaa8592ffff,33.456,-85.575,Alabama
599044,7587583.0,8a26c807182ffff,33.306,-96.621,Texas
599045,7587595.0,8a2a8898919ffff,37.369,-78.83,Virginia
599046,7587612.0,8a264608826ffff,38.969,-90.9,Missouri
599047,7587622.0,8a4451172c47fff,31.346,-89.176,Mississippi
599048,7587623.0,8a2aa4ba8b27fff,42.585,-76.372,New York
599049,7587625.0,8a445509170ffff,30.42,-89.094,Mississippi
599050,7587627.0,8a2a9ecf6d27fff,38.703,-83.824,Ohio
599051,7587646.0,8a274b9b2b07fff,42.236,-85.728,Michigan
599052,7587667.0,8a12db62dc5ffff,47.565,-117.492,Washington
599053,7587684.0,8a2759b10427fff,42.446,-87.824,Illinois
599054,7587690.0,8a44d5a7072ffff,32.436,-81.772,Georgia
599055,7587691.0,8a464b96429ffff,21.366,-157.903,Hawaii
599056,7587694.0,8a266aab3347fff,37.766,-87.198,Kentucky
599057,7587696.0,8a26e311549ffff,37.569,-97.309,Kansas
599058,7587698.0,8a264d68bb0ffff,35.554,-87.193,Tennessee
599059,7587725.0,8a2664453297fff,41.476,-87.828,Illinois
599060,7587731.0,8a2ba9ac5117fff,44.329,-70.258,Maine
599061,7587736.0,8a446ddb2b77fff,29.856,-95.636,Texas
599062,7587744.0,8a2ad0a0c25ffff,34.435,-77.601,North Carolina
599063,7587748.0,8a26641b210ffff,41.719,-87.534,Indiana
599064,7587752.0,8a4895460d1ffff,27.732,-97.358,Texas
599065,7587758.0,8a4453674217fff,32.153,-87.744,Alabama
599066,7587770.0,8a489aaac48ffff,31.127,-97.525,Texas
599067,7587780.0,8a445282550ffff,30.579,-87.258,Florida
599068,7587789.0,8a26cb9a9447fff,32.706,-96.783,Texas
599069,7587816.0,8a2ab316e217fff,41.292,-81.722,Ohio
599070,7587839.0,8a26d94e5957fff,32.43,-99.744,Texas
599071,7587848.0,8a26cb640ce7fff,31.759,-97.037,Texas
599072,7587849.0,8a263189051ffff,45.45,-98.483,South Dakota
599073,7587850.0,8a44e059a6dffff,30.435,-84.293,Florida
599074,7587866.0,8a44a105b9affff,26.07,-80.171,Florida
599075,7587887.0,8a2ab2d40b37fff,42.511,-82.905,Michigan
599076,7587899.0,8a48b3894c47fff,26.167,-97.828,Texas
599077,7587904.0,8a26ed79582ffff,36.072,-94.251,Arkansas
599078,7587908.0,8a4451ba1047fff,31.318,-89.463,Mississippi
599079,7587911.0,8a2759ad8117fff,42.107,-87.899,Illinois
599080,7587915.0,8a2a106b5af7fff,40.634,-74.379,New Jersey
599081,7587921.0,8a2ab1776297fff,41.194,-80.731,Ohio
599082,7587938.0,8a26ac4a4ce7fff,41.893,-103.679,Nebraska
599083,7587961.0,8a44c189a85ffff,33.41,-84.107,Georgia
599084,7587989.0,8a44dbb3628ffff,35.927,-81.489,North Carolina
599085,7587992.0,8a2aae593767fff,40.017,-78.087,Pennsylvania
599086,7587994.0,8a275916199ffff,42.411,-88.079,Illinois
599087,7587996.0,8a2a9005564ffff,40.04,-83.869,Ohio
599088,7588001.0,8a264d824a57fff,36.402,-86.496,Tennessee
599089,7588017.0,8a2748c73027fff,43.052,-85.524,Michigan
599090,7588030.0,8a2af6a10da7fff,37.136,-75.969,Virginia
599091,7588032.0,8a28d545486ffff,47.695,-122.375,Washington
599092,7588049.0,8a4898c868cffff,30.361,-97.9,Texas
599093,7588065.0,8a44f0563577fff,30.17,-81.595,Florida
599094,7588072.0,8a2651caa02ffff,38.028,-92.701,Missouri
599095,7588079.0,8a446b392777fff,32.177,-94.69,Texas
599096,7588081.0,8a26756ec54ffff,40.662,-90.444,Illinois
599097,7588088.0,8a27590ddccffff,42.16,-88.439,Illinois
599098,7588089.0,8a446cace42ffff,29.837,-95.549,Texas
599099,7588092.0,8a445ca86727fff,32.257,-90.304,Mississippi
599100,7588093.0,8a2aac496ba7fff,40.009,-76.726,Pennsylvania
599101,7588096.0,8a44f6d56db7fff,29.059,-80.936,Florida
599102,7588099.0,8a29a5490377fff,33.565,-117.688,California
599103,7588104.0,8a26c8458b5ffff,33.196,-97.141,Texas
599104,7588107.0,8a2b89c59707fff,42.897,-73.908,New York
599105,7588118.0,8a26400a0b27fff,38.325,-89.871,Illinois
599106,7588123.0,8a4442828587fff,30.751,-90.555,Louisiana
599107,7588124.0,8a262cd040f7fff,44.906,-93.372,Minnesota
599108,7588150.0,8a446cac9d5ffff,29.859,-95.596,Texas
599109,7588161.0,8a48d884935ffff,35.247,-106.67,New Mexico
599110,7588169.0,8a265a4cc94ffff,35.398,-93.259,Arkansas
599111,7588172.0,8a2a9cc50677fff,38.795,-82.276,Ohio
599112,7588178.0,8a44dbc5e80ffff,35.814,-80.864,North Carolina
599113,7588194.0,8a2a9409d2d7fff,41.05,-83.68,Ohio
599114,7588196.0,8a2aa4b260d7fff,42.665,-76.21,New York
599115,7588197.0,8a48b174182ffff,26.416,-99.015,Texas
599116,7588199.0,8a2a33152617fff,41.819,-71.469,Rhode Island
599117,7588208.0,8a2aac50ea27fff,40.081,-76.331,Pennsylvania
599118,7588210.0,8a268cd8d02ffff,39.696,-104.991,Colorado
599119,7588275.0,8a266270e8dffff,40.145,-89.377,Illinois
599120,7588277.0,8a44a9026bb7fff,28.397,-81.365,Florida
599121,7588283.0,8a2a1079bd27fff,40.668,-74.372,New Jersey
599122,7588288.0,8a2a9248ace7fff,39.964,-86.105,Indiana
599123,7588304.0,8a44c1a8565ffff,33.738,-84.39,Georgia
599124,7588314.0,8a2a10aa4997fff,40.802,-73.385,New York
599125,7588321.0,8a2a9ba0bbaffff,36.546,-82.596,Tennessee
599126,7588327.0,8a48996ae38ffff,31.839,-99.089,Texas
599127,7588336.0,8a48830e515ffff,29.201,-99.796,Texas
599128,7588338.0,8a266a133c17fff,38.001,-87.488,Indiana
599129,7588348.0,8a445b02c09ffff,34.355,-89.589,Mississippi
599130,7588383.0,8a2a9308c95ffff,39.138,-84.578,Ohio
599131,7588395.0,8a44ed0e37a7fff,32.962,-87.602,Alabama
599132,7588404.0,8a2af29ac4b7fff,36.708,-76.664,Virginia
599133,7588418.0,8a264e01c6affff,36.464,-89.04,Tennessee
599134,7588424.0,8a2a1042e457fff,40.975,-74.262,New Jersey
599135,7588427.0,8a2ab3b92907fff,41.332,-81.674,Ohio
599136,7588444.0,8a5d1448d537fff,20.894,-156.495,Hawaii
599137,7588455.0,8a29a18e0707fff,34.198,-118.632,California
599138,7588469.0,8a2a30409b1ffff,42.783,-71.291,New Hampshire
599139,7588488.0,8a2986bac187fff,36.078,-115.245,Nevada
599140,7588516.0,8a2a31410acffff,41.95,-70.667,Massachusetts
599141,7588520.0,8a2a8c8830cffff,38.198,-78.39,Virginia
599142,7588522.0,8a44da2c34cffff,35.751,-80.223,North Carolina
599143,7588523.0,8a26de79c48ffff,33.616,-101.906,Texas
599144,7588529.0,8a29a0aee06ffff,34.012,-117.812,California
599145,7588532.0,8a44e24f072ffff,30.855,-83.276,Georgia
599146,7588536.0,8a29a18b66a7fff,34.13,-118.362,California
599147,7588541.0,8a2ad5514b67fff,34.889,-77.254,North Carolina
599148,7588545.0,8a44f1781cc7fff,31.286,-82.315,Georgia
599149,7588546.0,8a2aacb8ed37fff,39.874,-75.499,Pennsylvania
599150,7588552.0,8a44f4cec317fff,29.004,-81.978,Florida
599151,7588561.0,8a2a100ca857fff,40.673,-73.886,New York
599152,7588570.0,8a268cd82157fff,39.726,-105.092,Colorado
599153,7588574.0,8a26c9d692d7fff,33.034,-95.701,Texas
599154,7588585.0,8a44a924170ffff,28.963,-81.651,Florida
599155,7588592.0,8a44cccb0d27fff,34.04,-84.548,Georgia
599156,7588593.0,8a28b613120ffff,41.619,-112.131,Utah
599157,7588600.0,8a2a924d10f7fff,39.892,-86.024,Indiana
599158,7588606.0,8a489ab50917fff,31.023,-97.747,Texas
599159,7588631.0,8a2b9931bd87fff,43.159,-77.6,New York
599160,7588660.0,8a291369ec17fff,34.933,-120.442,California
599161,7588666.0,8a2642a5a11ffff,37.839,-90.421,Missouri
599162,7588691.0,8a2659a7054ffff,35.06,-89.906,Tennessee
599163,7588701.0,8a44a1145647fff,25.866,-80.267,Florida
599164,7588704.0,8a44c166c29ffff,34.095,-84.025,Georgia
599165,7588713.0,8a2a33ab276ffff,41.725,-71.296,Rhode Island
599166,7588721.0,8a2665148a87fff,40.743,-86.089,Indiana
599167,7588730.0,8a2a8954caa7fff,36.307,-78.579,North Carolina
599168,7588737.0,8a2a8dd45597fff,37.518,-77.681,Virginia
599169,7588740.0,8a264b692b0ffff,34.282,-88.801,Mississippi
599170,7588760.0,8a266d414107fff,38.332,-85.468,Kentucky
599171,7588762.0,8a444504ec27fff,30.546,-92.814,Louisiana
599172,7588771.0,8a29a40d1a77fff,33.014,-117.202,California
599173,7588780.0,8a2748402b27fff,42.816,-85.995,Michigan
599174,7588787.0,8a28f41767b7fff,44.405,-122.685,Oregon
599175,7588801.0,8a44e5436a2ffff,30.125,-85.583,Florida
599176,7588804.0,8a26c8359477fff,32.982,-96.327,Texas
599177,7588806.0,8a26ed780a2ffff,36.057,-94.197,Arkansas
599178,7588809.0,8a444548a247fff,30.529,-92.025,Louisiana
599179,7588813.0,8a44c10596c7fff,33.842,-84.179,Georgia
599180,7588823.0,8a44a82a39a7fff,28.062,-80.621,Florida
599181,7588838.0,8a2aaca8535ffff,39.76,-75.56,Delaware
599182,7588845.0,8a260ba4a94ffff,39.761,-94.825,Missouri
599183,7588847.0,8a264b600d9ffff,34.334,-88.552,Mississippi
599184,7588854.0,8a44a131b8e7fff,26.182,-80.279,Florida
599185,7588862.0,8a260a664d37fff,40.265,-96.727,Nebraska
599186,7588871.0,8a29a00e6937fff,34.05,-117.25,California
599187,7588881.0,8a264d2402e7fff,35.51,-86.437,Tennessee
599188,7588908.0,8a274ca6cd07fff,43.603,-84.097,Michigan
599189,7588909.0,8a44d1029a27fff,33.366,-81.03,South Carolina
599190,7588914.0,8a2640cf110ffff,38.57,-90.043,Illinois
599191,7588938.0,8a446c2ad6dffff,30.077,-95.254,Texas
599192,7588939.0,8a288bb0204ffff,47.103,-119.313,Washington
599193,7588944.0,8a44c1458457fff,33.777,-83.701,Georgia
599194,7588946.0,8a2a1046969ffff,40.806,-74.124,New Jersey
599195,7588947.0,8a2a10429b37fff,40.941,-74.208,New Jersey
599196,7588950.0,8a274841e94ffff,42.795,-86.036,Michigan
599197,7588952.0,8a2aab6f0867fff,37.698,-77.62,Virginia
599198,7588953.0,8a44f0088187fff,30.361,-81.712,Florida
599199,7588955.0,8a2986a95217fff,36.283,-115.126,Nevada
599200,7588963.0,8a44e920242ffff,34.277,-87.546,Alabama
599201,7588966.0,8a44455a2c9ffff,30.249,-92.038,Louisiana
599202,7588967.0,8a274db327b7fff,43.057,-83.33,Michigan
599203,7588971.0,8a446b78cac7fff,32.199,-94.341,Texas
599204,7588972.0,8a44a1302557fff,26.122,-80.287,Florida
599205,7588983.0,8a48e8549aeffff,32.3,-111.034,Arizona
599206,7589017.0,8a264cad6687fff,36.608,-87.405,Kentucky
599207,7589035.0,8a44eb626b2ffff,34.449,-85.931,Alabama
599208,7589047.0,8a26cb833c77fff,32.655,-96.765,Texas
599209,7589081.0,8a264a71c0f7fff,35.217,-89.507,Tennessee
599210,7589082.0,8a2656463aaffff,39.129,-94.777,Kansas
599211,7589086.0,8a266455ec9ffff,41.616,-87.757,Illinois
599212,7589096.0,8a2ab38ea897fff,41.425,-81.655,Ohio
599213,7589106.0,8a44ca29104ffff,36.127,-83.483,Tennessee
599214,7589127.0,8a2a1074486ffff,40.616,-73.956,New York
599215,7589135.0,8a29a63ab297fff,33.684,-116.297,California
599216,7589138.0,8a48ebae009ffff,33.44,-111.781,Arizona
599217,7589141.0,8a2aaa0a6017fff,38.923,-78.123,Virginia
599218,7589163.0,8a44428c36f7fff,30.941,-90.454,Louisiana
599219,7589165.0,8a28b22a5a67fff,43.183,-112.343,Idaho
599220,7589166.0,8a26683411b7fff,37.718,-85.816,Kentucky
599221,7589167.0,8a44c1b02b07fff,33.551,-84.564,Georgia
599222,7589168.0,8a2696272317fff,40.353,-111.722,Utah
599223,7589171.0,8a26ce26896ffff,33.628,-97.317,Texas
599224,7589184.0,8a2a339a52d7fff,42.227,-71.146,Massachusetts
599225,7589196.0,8a29868ec6cffff,36.013,-115.072,Nevada
599226,7589197.0,8a29b6d66937fff,33.503,-112.277,Arizona
599227,7589207.0,8a446c3746e7fff,29.894,-95.474,Texas
599228,7589210.0,8a268cd0b52ffff,39.731,-104.841,Colorado
599229,7589213.0,8a2661b83157fff,39.829,-86.372,Indiana
599230,7589215.0,8a44e351089ffff,31.374,-84.175,Georgia
599231,7589229.0,8a26e3c6e79ffff,37.676,-97.359,Kansas
599232,7589240.0,8a265612e1a7fff,39.364,-94.356,Missouri
599233,7589254.0,8a26c934565ffff,32.316,-95.238,Texas
599234,7589274.0,8a26ca3988a7fff,32.649,-97.921,Texas
599235,7589276.0,8a2a331814cffff,41.915,-71.67,Rhode Island
599236,7589279.0,8a29a08a2c57fff,33.592,-117.238,California
599237,7589291.0,8a26cb92585ffff,32.845,-96.626,Texas
599238,7589300.0,8a264936d21ffff,34.615,-86.583,Alabama
599239,7589302.0,8a2a91a92427fff,39.262,-82.817,Ohio
599240,7589306.0,8a44ccda171ffff,33.929,-84.671,Georgia
599241,7589307.0,8a44f089b65ffff,30.057,-81.886,Florida
599242,7589316.0,8a2a89642a0ffff,35.853,-78.57,North Carolina
599243,7589334.0,8a26c86d171ffff,32.803,-97.078,Texas
599244,7589347.0,8a264a855147fff,35.688,-88.913,Tennessee
599245,7589351.0,8a2ad518baeffff,34.684,-76.907,North Carolina
599246,7589352.0,8a2649904427fff,35.466,-86.792,Tennessee
599247,7589355.0,8a444d68ddb7fff,33.471,-94.1,Texas
599248,7589358.0,8a264d43354ffff,36.069,-87.333,Tennessee
599249,7589361.0,8a2ab17630b7fff,41.154,-80.649,Ohio
599250,7589387.0,8a445c0ead2ffff,32.362,-90.023,Mississippi
599251,7589392.0,8a26ee8c5367fff,36.899,-95.921,Oklahoma
599252,7589399.0,8a2ab308d167fff,41.205,-82.14,Ohio
599253,7589400.0,8a274e31495ffff,43.374,-86.2,Michigan
599254,7589401.0,8a44ee72a447fff,32.548,-85.356,Alabama
599255,7589403.0,8a2ad68de55ffff,35.472,-78.671,North Carolina
599256,7589410.0,8a44d80f6aa7fff,35.204,-81.358,North Carolina
599257,7589412.0,8a44aeb836b7fff,26.881,-80.09,Florida
599258,7589413.0,8a2a84cac027fff,40.931,-79.922,Pennsylvania
599259,7589421.0,8a2a134491a7fff,39.854,-74.852,New Jersey
599260,7589429.0,8a48dcb2546ffff,34.063,-106.905,New Mexico
599261,7589445.0,8a26ed785827fff,36.073,-94.177,Arkansas
599262,7589454.0,8a2a95881c57fff,40.569,-82.358,Ohio
599263,7589463.0,8a444dc086f7fff,32.706,-94.23,Texas
599264,7589482.0,8a44d8594567fff,34.922,-80.8,North Carolina
599265,7589483.0,8a2aaaa466c7fff,38.671,-77.352,Virginia
599266,7589485.0,8a44eea63347fff,32.467,-86.156,Alabama
599267,7589486.0,8a2a9c40b6affff,38.539,-82.657,Ohio
599268,7589514.0,8a26290ec6a7fff,42.469,-92.286,Iowa
599269,7589520.0,8a26cb90179ffff,32.757,-96.678,Texas
599270,7589524.0,8a2641b8b407fff,37.553,-88.358,Illinois
599271,7589532.0,8a274b6c0d6ffff,41.314,-86.28,Indiana
599272,7589554.0,8a44a915b40ffff,28.495,-81.447,Florida
599273,7589556.0,8a264191e377fff,37.995,-88.489,Illinois
599274,7589560.0,8a270b15bb87fff,47.212,-93.519,Minnesota
599275,7589567.0,8a283207574ffff,38.844,-121.162,California
599276,7589581.0,8a264960c367fff,34.577,-87.282,Alabama
599277,7589583.0,8a274b0818cffff,41.716,-86.06,Indiana
599278,7589584.0,8a2663280097fff,39.205,-88.124,Illinois
599279,7589585.0,8a2663d2e337fff,40.092,-88.255,Illinois
599280,7589590.0,8a26caa6cc17fff,32.903,-97.284,Texas
599281,7589603.0,8a29a4030c2ffff,32.773,-117.181,California
599282,7589605.0,8a2aad2e398ffff,38.542,-75.057,Delaware
599283,7589606.0,8a2670a12957fff,40.832,-91.115,Iowa
599284,7589626.0,8a445180dc17fff,31.127,-89.359,Mississippi
599285,7589642.0,8a283009342ffff,38.325,-121.947,California
599286,7589644.0,8a2ad6c6db67fff,35.581,-78.785,North Carolina
599287,7589646.0,8a2ad559988ffff,34.799,-77.427,North Carolina
599288,7589649.0,8a26097722affff,39.988,-94.344,Missouri
599289,7589653.0,8a2b11406d37fff,46.625,-67.955,Maine
599290,7589655.0,8a2a8040ebaffff,39.66,-80.722,West Virginia
599291,7589660.0,8a44cc761277fff,34.714,-84.942,Georgia
599292,7589666.0,8a269c2494d7fff,38.49,-107.86,Colorado
599293,7589667.0,8a2ab3a00c47fff,41.2,-81.444,Ohio
599294,7589669.0,8a44ae95450ffff,26.532,-80.13,Florida
599295,7589679.0,8a2a135862b7fff,40.182,-75.123,Pennsylvania
599296,7589694.0,8a44f1a25b87fff,31.036,-83.169,Georgia
599297,7589716.0,8a2ab314319ffff,41.276,-81.799,Ohio
599298,7589722.0,8a2668b16ad7fff,38.161,-85.745,Kentucky
599299,7589726.0,8a44c3914177fff,33.399,-83.154,Georgia
599300,7589738.0,8a2aa2c72a9ffff,41.832,-79.129,Pennsylvania
599301,7589743.0,8a44c12858e7fff,34.055,-84.149,Georgia
599302,7589749.0,8a44c16e5907fff,34.073,-83.851,Georgia
599303,7589758.0,8a265b4933affff,34.753,-92.5,Arkansas
599304,7589770.0,8a26ed8e588ffff,36.579,-93.535,Missouri
599305,7589778.0,8a444c8a4b77fff,31.875,-93.554,Louisiana
599306,7589787.0,8a260e2edca7fff,41.2,-96.102,Nebraska
599307,7589790.0,8a4452db2427fff,30.458,-86.555,Florida
599308,7589800.0,8a2a90668ceffff,39.732,-84.085,Ohio
599309,7589801.0,8a2a896ecaaffff,35.849,-78.653,North Carolina
599310,7589807.0,8a44d8594c37fff,34.917,-80.802,North Carolina
599311,7589821.0,8a446c162a5ffff,29.545,-95.27,Texas
599312,7589827.0,8a29a818882ffff,36.099,-119.57,California
599313,7589830.0,8a2a15129ce7fff,40.987,-72.121,New York
599314,7589835.0,8a445c0ec80ffff,32.338,-90.061,Mississippi
599315,7589836.0,8a2a896e94dffff,35.815,-78.669,North Carolina
599316,7589844.0,8a264db1a4c7fff,36.058,-86.353,Tennessee
599317,7589854.0,8a4440cf2217fff,30.516,-91.126,Louisiana
599318,7589861.0,8a2ad4459a07fff,35.36,-77.954,North Carolina
599319,7589862.0,8a28f0006697fff,45.548,-122.633,Oregon
599320,7589863.0,8a2a86c2205ffff,40.854,-81.239,Ohio
599321,7589883.0,8a44e579c417fff,30.483,-85.667,Florida
599322,7589885.0,8a44a1126117fff,25.689,-80.159,Florida
599323,7589892.0,8a44d8144db7fff,35.08,-81.624,South Carolina
599324,7589896.0,8a2a88652a0ffff,36.665,-79.425,Virginia
599325,7589898.0,8a262b419b07fff,42.281,-94.295,Iowa
599326,7589901.0,8a2752681b1ffff,45.023,-93.296,Minnesota
599327,7589911.0,8a26448c08dffff,39.539,-89.247,Illinois
599328,7589913.0,8a274e34474ffff,43.236,-85.984,Michigan
599329,7589919.0,8a44e8373527fff,33.419,-86.775,Alabama
599330,7589924.0,8a264b1a4907fff,34.863,-88.384,Mississippi
599331,7589938.0,8a2aa66e275ffff,42.092,-78.886,New York
599332,7589940.0,8a489e245b0ffff,30.429,-97.778,Texas
599333,7589941.0,8a2893af46f7fff,46.018,-112.48,Montana
599334,7589951.0,8a2a105a384ffff,41.122,-74.369,New Jersey
599335,7589962.0,8a29a5699aaffff,33.932,-118.105,California
599336,7589970.0,8a2748545817fff,42.856,-85.73,Michigan
599337,7589972.0,8a26368a656ffff,46.863,-100.945,North Dakota
599338,7589974.0,8a44c4d48197fff,31.476,-83.491,Georgia
599339,7589976.0,8a44cc2b6517fff,34.776,-84.951,Georgia
599340,7589977.0,8a2a9574c15ffff,39.996,-82.631,Ohio
599341,7589996.0,8a48c6c30147fff,31.636,-106.158,Texas
599342,7589998.0,8a44c122ba27fff,34.055,-84.357,Georgia
599343,7590010.0,8a2ad54e0717fff,34.645,-77.33,North Carolina
599344,7590011.0,8a29a445c917fff,33.022,-116.877,California
599345,7590019.0,8a2621ad0107fff,44.956,-93.841,Minnesota
599346,7590020.0,8a2a90400d0ffff,40.227,-84.493,Ohio
599347,7590021.0,8a2a93008957fff,39.144,-84.39,Ohio
599348,7590042.0,8a2ad26e69b7fff,34.152,-79.757,South Carolina
599349,7590069.0,8a28b1c7572ffff,42.582,-114.518,Idaho
599350,7590080.0,8a29a0aca4d7fff,34.099,-117.772,California
599351,7590082.0,8a444d9726d7fff,32.554,-94.807,Texas
599352,7590083.0,8a2ab1cb4827fff,41.851,-80.917,Ohio
599353,7590091.0,8a445010da47fff,30.574,-88.241,Alabama
599354,7590092.0,8a26408e148ffff,38.533,-89.473,Illinois
599355,7590097.0,8a264606279ffff,39.001,-90.613,Missouri
599356,7590098.0,8a2a80d03c0ffff,40.108,-80.309,Pennsylvania
599357,7590100.0,8a2a331532b7fff,41.798,-71.446,Rhode Island
599358,7590101.0,8a2a86914aeffff,40.9,-80.695,Ohio
599359,7590103.0,8a44c039485ffff,33.102,-83.242,Georgia
599360,7590106.0,8a444c8e110ffff,32.019,-93.703,Louisiana
599361,7590110.0,8a2653902557fff,37.893,-93.34,Missouri
599362,7590125.0,8a44a104b22ffff,26.091,-80.23,Florida
599363,7590134.0,8a48ebb8c64ffff,33.281,-111.644,Arizona
599364,7590153.0,8a44e8c9132ffff,32.806,-85.998,Alabama
599365,7590156.0,8a4440c8c61ffff,30.485,-91.078,Louisiana
599366,7590169.0,8a260a102a97fff,40.779,-96.666,Nebraska
599367,7590176.0,8a2a93035c37fff,39.253,-84.432,Ohio
599368,7590183.0,8a44f00a532ffff,30.262,-81.751,Florida
599369,7590185.0,8a26c8250ceffff,32.895,-96.411,Texas
599370,7590199.0,8a27418eab67fff,44.755,-85.593,Michigan
599371,7590201.0,8a2a10b915b7fff,40.874,-73.435,New York
599372,7590207.0,8a2a9068b967fff,39.763,-84.46,Ohio
599373,7590208.0,8a4450b560c7fff,30.636,-88.687,Mississippi
599374,7590214.0,8a26ee1680e7fff,36.74,-95.911,Oklahoma
599375,7590220.0,8a26c822d8e7fff,33.01,-96.382,Texas
599376,7590221.0,8a445828b8d7fff,33.784,-89.868,Mississippi
599377,7590222.0,8a26c2c30347fff,35.906,-100.377,Texas
599378,7590223.0,8a44ec3956c7fff,32.323,-86.742,Alabama
599379,7590224.0,8a268cda18c7fff,39.78,-105.006,Colorado
599380,7590225.0,8a44c1249217fff,34.218,-84.465,Georgia
599381,7590228.0,8a2a84714187fff,40.443,-79.995,Pennsylvania
599382,7590236.0,8a4891415b97fff,28.832,-96.965,Texas
599383,7590239.0,8a44eaa4a58ffff,33.6,-85.838,Alabama
599384,7590242.0,8a44c022e2e7fff,33.244,-83.467,Georgia
599385,7590255.0,8a28d54c4487fff,47.776,-122.245,Washington
599386,7590274.0,8a2783259077fff,46.402,-105.847,Montana
599387,7590276.0,8a262c59d70ffff,44.455,-93.903,Minnesota
599388,7590279.0,8a2ad6d1b6b7fff,35.771,-79.001,North Carolina
599389,7590280.0,8a262dd9239ffff,44.089,-92.541,Minnesota
599390,7590283.0,8a2650a452c7fff,38.336,-92.651,Missouri
599391,7590286.0,8a2a8474901ffff,40.218,-79.762,Pennsylvania
599392,7590290.0,8a26e0b25887fff,38.717,-96.448,Kansas
599393,7590298.0,8a44ebcedb9ffff,33.953,-85.99,Alabama
599394,7590308.0,8a2668322547fff,37.885,-85.961,Kentucky
599395,7590314.0,8a2a937062cffff,39.033,-84.708,Kentucky
599396,7590316.0,8a444d909637fff,32.557,-94.783,Texas
599397,7590326.0,8a48936a146ffff,29.646,-95.934,Texas
599398,7590335.0,8a2aab88832ffff,38.245,-76.962,Virginia
599399,7590343.0,8a444652e667fff,29.841,-90.106,Louisiana
599400,7590344.0,8a2608770527fff,40.731,-95.443,Iowa
599401,7590349.0,8a445800879ffff,33.354,-89.795,Mississippi
599402,7590362.0,8a2b9934a257fff,43.015,-77.402,New York
599403,7590375.0,8a44c02365affff,33.172,-83.359,Georgia
599404,7590387.0,8a44ae92e207fff,26.448,-80.128,Florida
599405,7590403.0,8a26c8374317fff,33.123,-96.337,Texas
599406,7590412.0,8a2a149002affff,42.181,-72.532,Massachusetts
599407,7590413.0,8a29a56534a7fff,33.891,-118.349,California
599408,7590418.0,8a2836d12bb7fff,37.302,-120.502,California
599409,7590424.0,8a2a9c98402ffff,38.965,-81.912,West Virginia
599410,7590426.0,8a2a9b4c2377fff,36.615,-83.707,Kentucky
599411,7590433.0,8a489c080d6ffff,29.595,-98.364,Texas
599412,7590449.0,8a446c215a87fff,30.011,-95.299,Texas
599413,7590451.0,8a264965a7b7fff,34.445,-87.266,Alabama
599414,7590463.0,8a2a122e18dffff,40.319,-75.139,Pennsylvania
599415,7590465.0,8a274851dbaffff,42.921,-85.921,Michigan
599416,7590470.0,8a44eaa4225ffff,33.559,-85.824,Alabama
599417,7590476.0,8a44a1a8ec1ffff,26.0,-80.361,Florida
599418,7590490.0,8a275929d64ffff,41.892,-88.345,Illinois
599419,7590512.0,8a264d0c690ffff,35.877,-86.856,Tennessee
599420,7590530.0,8a26e911ba8ffff,35.302,-94.034,Arkansas
599421,7590533.0,8a44e8701747fff,33.336,-86.237,Alabama
599422,7590538.0,8a2a8476ecf7fff,40.3,-79.749,Pennsylvania
599423,7590539.0,8a2a84396b47fff,40.333,-79.675,Pennsylvania
599424,7590540.0,8a2aa8c4b447fff,39.138,-76.574,Maryland
599425,7590543.0,8a44e2060577fff,30.849,-83.941,Georgia
599426,7590550.0,8a44e551b15ffff,30.112,-85.622,Florida
599427,7590552.0,8a441e6cb50ffff,27.705,-82.447,Florida
599428,7590558.0,8a29a845cc47fff,36.342,-119.322,California
599429,7590560.0,8a441a50b957fff,28.079,-82.069,Florida
599430,7590561.0,8a26ca24c25ffff,32.45,-97.532,Texas
599431,7590565.0,8a29868ea39ffff,36.042,-115.052,Nevada
599432,7590594.0,8a26656aa60ffff,40.414,-86.816,Indiana
599433,7590599.0,8a2ab3a00417fff,41.197,-81.456,Ohio
599434,7590602.0,8a2643a83b0ffff,37.178,-89.667,Missouri
599435,7590604.0,8a12db389daffff,47.656,-117.136,Washington
599436,7590608.0,8a2aad444b1ffff,39.022,-75.515,Delaware
599437,7590611.0,8a44485a5d4ffff,33.198,-92.637,Arkansas
599438,7590620.0,8a2aaeb9dd2ffff,39.803,-76.965,Pennsylvania
599439,7590630.0,8a2986ab40cffff,36.211,-115.123,Nevada
599440,7590642.0,8a446dd85197fff,29.892,-95.706,Texas
599441,7590645.0,8a48eba41d87fff,33.42,-111.948,Arizona
599442,7590657.0,8a264d120b2ffff,36.201,-86.715,Tennessee
599443,7590674.0,8a441e505977fff,26.951,-82.356,Florida
599444,7590681.0,8a26d9ac2d8ffff,32.398,-98.818,Texas
599445,7590691.0,8a2ab3a76b9ffff,41.146,-81.35,Ohio
599446,7590694.0,8a26c8165657fff,33.472,-96.526,Texas
599447,7590701.0,8a44d8498227fff,35.125,-80.75,North Carolina
599448,7590703.0,8a264b55b8b7fff,34.676,-88.646,Mississippi
599449,7590708.0,8a48eba8da5ffff,33.447,-111.675,Arizona
599450,7590709.0,8a44da2b079ffff,35.573,-80.1,North Carolina
599451,7590723.0,8a2aa18a8137fff,41.006,-76.455,Pennsylvania
599452,7590726.0,8a28f00f6797fff,45.652,-122.587,Washington
599453,7590732.0,8a44eb26b277fff,34.696,-86.576,Alabama
599454,7590738.0,8a44d858292ffff,34.949,-80.847,North Carolina
599455,7590750.0,8a2a8d145037fff,37.151,-77.528,Virginia
599456,7590752.0,8a445c42889ffff,32.189,-89.605,Mississippi
599457,7590757.0,8a44cccf1027fff,34.179,-84.697,Georgia
599458,7590760.0,8a441ac0c537fff,27.85,-82.262,Florida
599459,7590765.0,8a275249a08ffff,45.342,-93.704,Minnesota
599460,7590770.0,8a2af058d237fff,36.546,-76.193,North Carolina
599461,7590773.0,8a2986a359b7fff,36.125,-115.322,Nevada
599462,7590793.0,8a44ea92ec47fff,32.893,-85.582,Alabama
599463,7590795.0,8a44e143130ffff,31.225,-85.339,Alabama
599464,7590796.0,8a2ad3716d07fff,33.607,-78.977,South Carolina
599465,7590806.0,8a26d56ea8f7fff,35.654,-101.376,Texas
599466,7590811.0,8a2aac50ba57fff,40.041,-76.329,Pennsylvania
599467,7590812.0,8a2a9416bb17fff,41.118,-83.166,Ohio
599468,7590817.0,8a2b9931b617fff,43.143,-77.605,New York
599469,7590828.0,8a262cda18cffff,44.881,-93.517,Minnesota
599470,7590833.0,8a446c306997fff,29.831,-95.346,Texas
599471,7590835.0,8a489c1a3d9ffff,29.399,-98.409,Texas
599472,7590836.0,8a44c5b2dac7fff,32.505,-84.96,Georgia
599473,7590842.0,8a44f4c2078ffff,28.825,-81.977,Florida
599474,7590848.0,8a2af6756b87fff,36.987,-76.64,Virginia
599475,7590854.0,8a44ccdb5617fff,33.905,-84.61,Georgia
599476,7590865.0,8a269693054ffff,41.301,-112.037,Utah
599477,7590880.0,8a2ad31aea77fff,33.815,-78.683,South Carolina
599478,7590886.0,8a2626d4e62ffff,46.928,-96.862,North Dakota
599479,7590907.0,8a44c11302affff,33.464,-84.091,Georgia
599480,7590915.0,8a28306d1777fff,38.781,-122.005,California
599481,7590941.0,8a26e06da59ffff,37.919,-97.425,Kansas
599482,7590942.0,8a28d179d947fff,48.842,-122.542,Washington
599483,7590945.0,8a27a8b4961ffff,48.234,-101.3,North Dakota
599484,7590948.0,8a44d00de1affff,32.725,-80.04,South Carolina
599485,7590956.0,8a2aad389c2ffff,38.704,-75.088,Delaware
599486,7590960.0,8a445010a70ffff,30.589,-88.178,Alabama
599487,7590970.0,8a28d0b7235ffff,47.912,-122.199,Washington
599488,7590987.0,8a44c2282b0ffff,33.523,-82.092,Georgia
599489,7590992.0,8a2645cb6517fff,38.987,-88.962,Illinois
599490,7591009.0,8a44ae82d6c7fff,26.607,-80.113,Florida
599491,7591015.0,8a2a84701307fff,40.387,-79.904,Pennsylvania
599492,7591017.0,8a44c99359a7fff,35.711,-85.879,Tennessee
599493,7591033.0,8a44c1bb1a1ffff,33.549,-84.407,Georgia
599494,7591034.0,8a44d075a617fff,32.898,-79.984,South Carolina
599495,7591041.0,8a2656350107fff,38.887,-94.049,Missouri
599496,7591046.0,8a444214a537fff,31.122,-90.431,Mississippi
599497,7591070.0,8a2ad40cd927fff,35.273,-77.58,North Carolina
599498,7591072.0,8a2642ba0287fff,38.15,-90.612,Missouri
599499,7591084.0,8a44c1850d9ffff,33.421,-84.379,Georgia
599500,7591088.0,8a26c595cb17fff,36.708,-97.059,Oklahoma
599501,7591090.0,8a44e53605b7fff,30.495,-86.476,Florida
599502,7591093.0,8a26aa432447fff,40.394,-105.081,Colorado
599503,7591107.0,8a2a16baa317fff,41.74,-74.085,New York
599504,7591120.0,8a445e31064ffff,32.756,-89.015,Mississippi
599505,7591124.0,8a441376055ffff,26.631,-81.863,Florida
599506,7591129.0,8a44d5a76357fff,32.423,-81.763,Georgia
599507,7591131.0,8a2a8475412ffff,40.324,-79.864,Pennsylvania
599508,7591134.0,8a44e26b301ffff,31.134,-83.351,Georgia
599509,7591142.0,8a2aa1800157fff,41.027,-76.32,Pennsylvania
599510,7591144.0,8a26496656affff,34.551,-87.143,Alabama
599511,7591153.0,8a489a64c5a7fff,31.619,-97.087,Texas
599512,7591161.0,8a2664cea027fff,41.771,-87.568,Illinois
599513,7591170.0,8a44dd0a9717fff,34.981,-82.528,South Carolina
599514,7591184.0,8a444584d367fff,30.196,-93.107,Louisiana
599515,7591199.0,8a48d886295ffff,35.122,-106.602,New Mexico
599516,7591203.0,8a2a924aa34ffff,39.994,-86.045,Indiana
599517,7591206.0,8a26a8b24887fff,41.094,-102.47,Nebraska
599518,7591209.0,8a279aa6a357fff,44.889,-108.464,Wyoming
599519,7591211.0,8a441362c867fff,26.697,-81.757,Florida
599520,7591216.0,8a446da01a9ffff,30.383,-96.622,Texas
599521,7591219.0,8a489c001b2ffff,29.553,-98.574,Texas
599522,7591239.0,8a2aa84ee98ffff,38.936,-77.09,Maryland
599523,7591242.0,8a446c941b6ffff,29.221,-95.515,Texas
599524,7591245.0,8a26c1134ae7fff,35.434,-97.651,Oklahoma
599525,7591248.0,8a44cda11347fff,35.277,-86.307,Tennessee
599526,7591249.0,8a2b9b364ceffff,43.055,-78.867,New York
599527,7591271.0,8a2b896de847fff,42.264,-74.441,New York
599528,7591274.0,8a2a104e03affff,40.874,-74.351,New Jersey
599529,7591278.0,8a261901b737fff,40.201,-98.063,Nebraska
599530,7591288.0,8a2748209557fff,42.313,-85.147,Michigan
599531,7591302.0,8a2ad5d98647fff,35.062,-77.106,North Carolina
599532,7591311.0,8a2a10715d0ffff,40.748,-74.137,New Jersey
599533,7591318.0,8a2652770197fff,37.875,-94.768,Kansas
599534,7591320.0,8a44ddd6d8e7fff,34.516,-82.674,South Carolina
599535,7591321.0,8a44cd3a952ffff,35.5,-86.043,Tennessee
599536,7591324.0,8a2664414a07fff,41.634,-87.944,Illinois
599537,7591327.0,8a48ebb582b7fff,33.317,-111.914,Arizona
599538,7591334.0,8a2b8903410ffff,42.77,-73.847,New York
599539,7591349.0,8a26a88a8467fff,41.142,-102.976,Nebraska
599540,7591353.0,8a2a13ce676ffff,40.236,-74.652,New Jersey
599541,7591364.0,8a29a1b5176ffff,34.344,-119.077,California
599542,7591374.0,8a446dd9314ffff,29.927,-95.616,Texas
599543,7591377.0,8a2664c1e15ffff,41.896,-87.623,Illinois
599544,7591379.0,8a4898d8690ffff,30.192,-97.927,Texas
599545,7591384.0,8a260830a2a7fff,40.705,-94.991,Iowa
599546,7591416.0,8a274ca92877fff,43.685,-84.654,Michigan
599547,7591417.0,8a44dab514b7fff,35.32,-80.767,North Carolina
599548,7591431.0,8a2600b0d30ffff,43.52,-96.747,South Dakota
599549,7591456.0,8a44dc4b1c6ffff,34.072,-81.151,South Carolina
599550,7591464.0,8a44a9936937fff,27.901,-81.583,Florida
599551,7591465.0,8a29890c1b27fff,39.602,-119.843,Nevada
599552,7591466.0,8a2a30580517fff,42.997,-71.451,New Hampshire
599553,7591467.0,8a44c229148ffff,33.529,-82.047,Georgia
599554,7591479.0,8a2661a702f7fff,39.668,-86.119,Indiana
599555,7591480.0,8a2a85d05adffff,40.226,-78.816,Pennsylvania
599556,7591490.0,8a446a39a2dffff,31.495,-93.716,Texas
599557,7591494.0,8a12db3886b7fff,47.65,-117.163,Washington
599558,7591495.0,8a2a1219cac7fff,40.913,-75.4,Pennsylvania
599559,7591502.0,8a2ad0335697fff,34.388,-77.901,North Carolina
599560,7591505.0,8a26c86522cffff,32.861,-96.936,Texas
599561,7591508.0,8a2a1634d077fff,41.311,-74.176,New York
599562,7591510.0,8a2a12b05097fff,40.836,-74.597,New Jersey
599563,7591511.0,8a26dd845077fff,33.962,-98.688,Texas
599564,7591523.0,8a4895235317fff,27.987,-97.934,Texas
599565,7591537.0,8a44a996244ffff,28.05,-81.738,Florida
599566,7591548.0,8a2a34ce3d6ffff,43.949,-70.143,Maine
599567,7591570.0,8a2a154d118ffff,40.877,-73.004,New York
599568,7591581.0,8a26caaceb47fff,32.777,-97.5,Texas
599569,7591583.0,8a2a801638e7fff,39.653,-79.957,West Virginia
599570,7591586.0,8a2a9568ec6ffff,39.956,-83.069,Ohio
599571,7591609.0,8a268cc14687fff,39.651,-104.979,Colorado
599572,7591618.0,8a44d0b70d6ffff,32.51,-80.701,South Carolina
599573,7591629.0,8a265331e12ffff,37.148,-93.34,Missouri
599574,7591650.0,8a446cd6214ffff,29.17,-95.003,Texas
599575,7591652.0,8a441a84ecf7fff,27.995,-82.783,Florida
599576,7591685.0,8a2a10a0e19ffff,40.706,-73.257,New York
599577,7591689.0,8a28f360e867fff,46.936,-122.618,Washington
599578,7591720.0,8a2830152437fff,38.134,-122.255,California
599579,7591725.0,8a4440a5d757fff,30.935,-92.069,Louisiana
599580,7591729.0,8a44dca02c77fff,34.179,-82.19,South Carolina
599581,7591743.0,8a44d84aa377fff,35.1,-80.841,North Carolina
599582,7591750.0,8a262b26c247fff,41.874,-93.204,Iowa
599583,7591758.0,8a446c21d28ffff,30.073,-95.333,Texas
599584,7591763.0,8a445c3a2c67fff,32.422,-90.127,Mississippi
599585,7591766.0,8a275999c6effff,42.74,-88.226,Wisconsin
599586,7591775.0,8a444b4eab27fff,34.627,-92.519,Arkansas
599587,7591779.0,8a2749c6e3affff,42.201,-84.42,Michigan
599588,7591788.0,8a262ed9575ffff,44.534,-95.114,Minnesota
599589,7591791.0,8a489859575ffff,30.605,-97.668,Texas
599590,7591794.0,8a28303667affff,38.326,-122.717,California
599591,7591802.0,8a445291ddb7fff,30.518,-87.226,Florida
599592,7591804.0,8a26dbce66e7fff,32.366,-100.832,Texas
599593,7591808.0,8a44ddb9502ffff,34.846,-82.909,South Carolina
599594,7591815.0,8a275a95ac87fff,43.19,-90.444,Wisconsin
599595,7591817.0,8a4444233087fff,30.003,-91.888,Louisiana
599596,7591833.0,8a44ce96160ffff,34.301,-84.253,Georgia
599597,7591847.0,8a266a2ec627fff,37.308,-87.215,Kentucky
599598,7591855.0,8a44eb375aeffff,34.456,-86.55,Alabama
599599,7591859.0,8a2a10c2695ffff,41.308,-73.847,New York
599600,7591865.0,8a26c878896ffff,33.046,-97.098,Texas
599601,7591876.0,8a275925b1b7fff,41.801,-88.031,Illinois
599602,7591883.0,8a2ad6762177fff,35.138,-78.992,North Carolina
599603,7591887.0,8a26d3936ad7fff,35.238,-102.428,Texas
599604,7591889.0,8a274d16634ffff,43.015,-83.65,Michigan
599605,7591892.0,8a4450cea62ffff,30.476,-87.914,Alabama
599606,7591898.0,8a2ab60e34c7fff,42.979,-82.441,Michigan
599607,7591909.0,8a26496648d7fff,34.578,-87.152,Alabama
599608,7591911.0,8a2a98ce468ffff,37.886,-82.843,Kentucky
599609,7591917.0,8a44cc2cbc07fff,35.027,-85.16,Tennessee
599610,7591920.0,8a265034bb0ffff,38.071,-92.856,Missouri
599611,7591928.0,8a2a9062135ffff,39.87,-84.216,Ohio
599612,7591931.0,8a44d393071ffff,33.049,-80.086,South Carolina
599613,7591935.0,8a44eb26582ffff,34.601,-86.575,Alabama
599614,7591946.0,8a44d84cc10ffff,35.22,-80.941,North Carolina
599615,7591950.0,8a2664c10d47fff,41.94,-87.64,Illinois
599616,7591952.0,8a44e836d05ffff,33.457,-86.915,Alabama
599617,7591972.0,8a279625d6dffff,47.6,-111.287,Montana
599618,7591989.0,8a444912ccd7fff,33.938,-94.349,Arkansas
599619,7591997.0,8a48b384264ffff,26.252,-98.185,Texas
599620,7592003.0,8a2748b5c6b7fff,42.689,-84.677,Michigan
599621,7592009.0,8a4445ba121ffff,30.275,-93.065,Louisiana
599622,7592015.0,8a27593406effff,41.997,-87.919,Illinois
599623,7592018.0,8a2a1345eb97fff,39.902,-74.949,New Jersey
599624,7592022.0,8a44d8b01d37fff,35.053,-81.968,South Carolina
599625,7592029.0,8a2a88b056cffff,37.079,-78.505,Virginia
599626,7592041.0,8a44ea44b61ffff,33.556,-84.932,Georgia
599627,7592042.0,8a44f0468417fff,30.351,-81.582,Florida
599628,7592043.0,8a264636d157fff,38.751,-90.218,Missouri
599629,7592050.0,8a44a56456e7fff,25.316,-80.282,Florida
599630,7592056.0,8a44d89801b7fff,34.706,-81.589,South Carolina
599631,7592069.0,8a44d35091affff,33.427,-79.48,South Carolina
599632,7592074.0,8a29a418dcd7fff,32.779,-117.13,California
599633,7592075.0,8a2a9e6f4787fff,38.04,-83.944,Kentucky
599634,7592082.0,8a4898a08d67fff,30.71,-98.912,Texas
599635,7592089.0,8a2a956f1d37fff,39.919,-82.957,Ohio
599636,7592095.0,8a2641c29577fff,37.899,-88.897,Illinois
599637,7592109.0,8a48d24b645ffff,33.525,-101.971,Texas
599638,7592114.0,8a446842ac2ffff,30.779,-94.424,Texas
599639,7592115.0,8a44d949546ffff,35.843,-81.549,North Carolina
599640,7592125.0,8a4450176d9ffff,30.556,-88.246,Alabama
599641,7592144.0,8a260a8a948ffff,40.922,-96.527,Nebraska
599642,7592147.0,8a2661aae6c7fff,39.708,-86.377,Indiana
599643,7592160.0,8a2b89000757fff,42.687,-73.853,New York
599644,7592161.0,8a2685b6919ffff,41.125,-104.81,Wyoming
599645,7592162.0,8a2a8b55b387fff,36.181,-80.006,North Carolina
599646,7592163.0,8a2608c8e697fff,41.238,-95.805,Iowa
599647,7592170.0,8a26ec912d57fff,37.565,-94.706,Kansas
599648,7592172.0,8a2a84733077fff,40.442,-79.961,Pennsylvania
599649,7592174.0,8a26c86e509ffff,32.885,-96.968,Texas
599650,7592180.0,8a2a13590517fff,40.192,-75.19,Pennsylvania
599651,7592183.0,8a266894bcd7fff,38.321,-85.717,Indiana
599652,7592193.0,8a44ed759cdffff,33.201,-87.519,Alabama
599653,7592216.0,8a2aa859880ffff,39.143,-77.225,Maryland
599654,7592217.0,8a44c6c9c267fff,31.787,-81.994,Georgia
599655,7592218.0,8a48984202d7fff,30.661,-97.902,Texas
599656,7592220.0,8a44f07a3a07fff,30.468,-81.526,Florida
599657,7592224.0,8a4444243a6ffff,30.166,-92.08,Louisiana
599658,7592235.0,8a264daf27a7fff,35.861,-86.426,Tennessee
599659,7592248.0,8a2ad554bb27fff,34.679,-77.089,North Carolina
599660,7592250.0,8a26cab8e457fff,33.037,-97.649,Texas
599661,7592274.0,8a26e829639ffff,35.55,-95.093,Oklahoma
599662,7592284.0,8a269622c71ffff,40.429,-111.755,Utah
599663,7592287.0,8a2640d0a547fff,38.772,-89.95,Illinois
599664,7592291.0,8a44132b592ffff,26.721,-81.95,Florida
599665,7592293.0,8a44a1051a77fff,26.023,-80.174,Florida
599666,7592297.0,8a48957a601ffff,27.892,-97.316,Texas
599667,7592299.0,8a2aa4766bb7fff,42.362,-77.042,New York
599668,7592302.0,8a2662701317fff,40.158,-89.369,Illinois
599669,7592311.0,8a262d8c34b7fff,43.794,-91.756,Minnesota
599670,7592315.0,8a2a16782047fff,41.597,-75.118,Pennsylvania
599671,7592331.0,8a2743428d1ffff,44.432,-88.01,Wisconsin
599672,7592332.0,8a44ee7b421ffff,32.509,-85.134,Alabama
599673,7592337.0,8a26c96ae50ffff,32.22,-96.076,Texas
599674,7592344.0,8a2663a7170ffff,39.462,-87.49,Indiana
599675,7592357.0,8a44ddcc064ffff,34.707,-82.37,South Carolina
599676,7592361.0,8a2a8560b257fff,39.354,-79.137,Maryland
599677,7592362.0,8a28d0b44317fff,47.914,-122.278,Washington
599678,7592367.0,8a44dd55c6affff,34.874,-82.292,South Carolina
599679,7592372.0,8a26ee1680e7fff,36.74,-95.911,Oklahoma
599680,7592374.0,8a28328d86f7fff,38.646,-121.146,California
599681,7592375.0,8a26702f2c27fff,40.404,-91.399,Iowa
599682,7592379.0,8a441a10c827fff,28.067,-82.505,Florida
599683,7592384.0,8a2a13350787fff,39.576,-74.23,New Jersey
599684,7592390.0,8a44daa5061ffff,35.44,-80.686,North Carolina
599685,7592392.0,8a4895a508e7fff,27.753,-98.245,Texas
599686,7592394.0,8a266e2735affff,38.398,-86.877,Indiana
599687,7592416.0,8a26580f2c57fff,35.792,-91.609,Arkansas
599688,7592425.0,8a2b8a20b9b7fff,43.082,-76.064,New York
599689,7592427.0,8a265d6934cffff,35.791,-90.768,Arkansas
599690,7592429.0,8a264a4d44f7fff,35.336,-89.87,Tennessee
599691,7592433.0,8a26cbc0ea17fff,32.569,-97.2,Texas
599692,7592441.0,8a2a1062508ffff,40.627,-74.107,New Jersey
599693,7592445.0,8a44e8225957fff,33.433,-86.717,Alabama
599694,7592446.0,8a27484a88effff,42.785,-86.103,Michigan
599695,7592447.0,8a44eaa48127fff,33.592,-85.875,Alabama
599696,7592448.0,8a44e1550107fff,31.208,-85.447,Alabama
599697,7592455.0,8a44caa6960ffff,35.901,-84.161,Tennessee
599698,7592460.0,8a445252682ffff,30.739,-86.565,Florida
599699,7592465.0,8a2ab66f6077fff,42.72,-82.888,Michigan
599700,7592474.0,8a26c18d429ffff,35.429,-97.511,Oklahoma
599701,7592489.0,8a261e6d36e7fff,41.103,-100.722,Nebraska
599702,7592507.0,8a44e62c4c4ffff,30.234,-84.24,Florida
599703,7592508.0,8a29ac0b2d27fff,35.061,-119.405,California
599704,7592511.0,8a2a130a64c7fff,39.986,-74.649,New Jersey
599705,7592522.0,8a44401a3a6ffff,30.634,-91.364,Louisiana
599706,7592524.0,8a489a16bc07fff,31.06,-97.375,Texas
599707,7592538.0,8a28d1956287fff,48.069,-123.138,Washington
599708,7592541.0,8a26e420e8dffff,39.182,-96.561,Kansas
599709,7592555.0,8a274bd260c7fff,42.331,-86.006,Michigan
599710,7592557.0,8a44dc21675ffff,34.487,-81.881,South Carolina
599711,7592584.0,8a26c8a9c827fff,33.294,-96.455,Texas
599712,7592589.0,8a2668846c1ffff,38.272,-85.816,Indiana
599713,7592596.0,8a26cbda1ac7fff,32.746,-97.315,Texas
599714,7592599.0,8a44c1a15237fff,33.692,-84.498,Georgia
599715,7592613.0,8a2a8b4c606ffff,36.113,-80.223,North Carolina
599716,7592614.0,8a44f552e337fff,29.821,-82.61,Florida
599717,7592624.0,8a266d2a67a7fff,37.913,-84.865,Kentucky
599718,7592625.0,8a264904e2d7fff,34.796,-86.93,Alabama
599719,7592627.0,8a12db340d97fff,47.719,-116.832,Idaho
599720,7592630.0,8a489b385547fff,32.083,-98.341,Texas
599721,7592641.0,8a29a199d7b7fff,34.066,-118.431,California
599722,7592662.0,8a260e26c087fff,41.254,-95.927,Nebraska
599723,7592664.0,8a2751ba9b17fff,44.986,-89.577,Wisconsin
599724,7592665.0,8a2a956a6517fff,40.051,-83.057,Ohio
599725,7592686.0,8a44a8188657fff,27.646,-80.476,Florida
599726,7592690.0,8a44eab2594ffff,33.221,-85.821,Alabama
599727,7592706.0,8a2aaca1a027fff,39.736,-75.473,New Jersey
599728,7592707.0,8a26cbc01617fff,32.584,-97.212,Texas
599729,7592712.0,8a2ab178a3b7fff,41.171,-81.028,Ohio
599730,7592715.0,8a26c1886c6ffff,35.54,-97.623,Oklahoma
599731,7592718.0,8a2a3471e487fff,43.506,-70.419,Maine
599732,7592720.0,8a26c06cb72ffff,35.301,-98.98,Oklahoma
599733,7592729.0,8a4898cf0b57fff,30.428,-98.04,Texas
599734,7592730.0,8a2ab1ae971ffff,41.149,-79.967,Pennsylvania
599735,7592741.0,8a444111ed47fff,31.393,-92.415,Louisiana
599736,7592769.0,8a2aa1825ac7fff,41.063,-76.226,Pennsylvania
599737,7592784.0,8a26f338276ffff,37.037,-100.907,Kansas
599738,7592792.0,8a26c1969367fff,35.613,-97.125,Oklahoma
599739,7592802.0,8a2ad6d5355ffff,35.714,-78.907,North Carolina
599740,7592812.0,8a2aa84d3877fff,38.926,-77.229,Virginia
599741,7592818.0,8a48e8d0b12ffff,31.809,-111.021,Arizona
599742,7592827.0,8a264db48c07fff,35.957,-86.12,Tennessee
599743,7592831.0,8a2b8824d747fff,43.015,-74.367,New York
599744,7592832.0,8a260c189887fff,42.061,-95.203,Iowa
599745,7592833.0,8a275902ac77fff,42.337,-88.309,Illinois
599746,7592846.0,8a2a930f4cdffff,39.127,-84.519,Kentucky
599747,7592847.0,8a2a8904564ffff,36.118,-78.183,North Carolina
599748,7592851.0,8a489224a8c7fff,29.044,-95.697,Texas
599749,7592857.0,8a44c918ed6ffff,36.175,-85.469,Tennessee
599750,7592862.0,8a446c25e4e7fff,30.164,-95.42,Texas
599751,7592865.0,8a29b6d14327fff,33.491,-112.037,Arizona
599752,7592870.0,8a44dd49b15ffff,34.971,-81.959,South Carolina
599753,7592878.0,8a444d2e8af7fff,33.545,-94.78,Texas
599754,7592880.0,8a44c1321097fff,33.85,-84.377,Georgia
599755,7592883.0,8a266d4ac94ffff,38.292,-85.504,Kentucky
599756,7592888.0,8a446ca98257fff,29.758,-95.369,Texas
599757,7592897.0,8a4413762d27fff,26.626,-81.845,Florida
599758,7592898.0,8a441a12696ffff,27.972,-82.493,Florida
599759,7592915.0,8a2a8038e187fff,39.324,-80.161,West Virginia
599760,7592922.0,8a29b29b6597fff,34.594,-112.321,Arizona
599761,7592927.0,8a2ad69b5857fff,35.787,-78.617,North Carolina
599762,7592935.0,8a44481851b7fff,33.261,-93.097,Arkansas
599763,7592942.0,8a264626352ffff,38.629,-90.335,Missouri
599764,7592969.0,8a265a78325ffff,35.281,-93.159,Arkansas
599765,7592977.0,8a48d29a302ffff,32.966,-102.836,Texas
599766,7592979.0,8a48c6c0978ffff,31.758,-106.26,Texas
599767,7592984.0,8a26f10e9637fff,37.547,-99.64,Kansas
599768,7592989.0,8a26c83864e7fff,33.112,-96.669,Texas
599769,7593004.0,8a444506384ffff,30.482,-92.841,Louisiana
599770,7593023.0,8a44d84c6937fff,35.166,-80.898,North Carolina
599771,7593030.0,8a2a33d9b96ffff,42.277,-71.839,Massachusetts
599772,7593055.0,8a26032100b7fff,42.04,-97.405,Nebraska
599773,7593058.0,8a44e541c287fff,30.23,-85.592,Florida
599774,7593072.0,8a264928c86ffff,34.516,-86.976,Alabama
599775,7593083.0,8a2661374887fff,39.537,-86.371,Indiana
599776,7593085.0,8a260505330ffff,43.63,-95.934,Minnesota
599777,7593094.0,8a26caa61567fff,32.912,-97.304,Texas
599778,7593099.0,8a26ed528d17fff,36.484,-94.231,Arkansas
599779,7593104.0,8a445c04189ffff,32.328,-90.174,Mississippi
599780,7593115.0,8a4452812a6ffff,30.644,-87.131,Florida
599781,7593119.0,8a2a33a28b0ffff,41.656,-70.945,Massachusetts
599782,7593124.0,8a2ad62b0767fff,35.035,-78.929,North Carolina
599783,7593127.0,8a44c174566ffff,33.957,-84.017,Georgia
599784,7593128.0,8a44c869ed0ffff,35.858,-84.193,Tennessee
599785,7593129.0,8a2aaacce937fff,39.092,-78.176,Virginia
599786,7593145.0,8a44538f6007fff,31.492,-88.034,Alabama
599787,7593146.0,8a44e504baa7fff,30.404,-86.231,Florida
599788,7593150.0,8a44e9910ca7fff,33.39,-87.561,Alabama
599789,7593155.0,8a2a13c85a97fff,40.31,-74.768,New Jersey
599790,7593167.0,8a268cd5b317fff,39.628,-104.733,Colorado
599791,7593168.0,8a26b339280ffff,41.502,-109.46,Wyoming
599792,7593172.0,8a2664db0577fff,42.092,-87.747,Illinois
599793,7593173.0,8a489b1ac2d7fff,31.71,-98.122,Texas
599794,7593176.0,8a44a138411ffff,26.134,-80.171,Florida
599795,7593204.0,8a2696a44337fff,40.728,-111.441,Utah
599796,7593215.0,8a2759245657fff,41.859,-87.948,Illinois
599797,7593223.0,8a28f019361ffff,45.537,-122.397,Oregon
599798,7593251.0,8a2758b6c0a7fff,43.126,-88.547,Wisconsin
599799,7593252.0,8a44d071a697fff,32.786,-79.867,South Carolina
599800,7593258.0,8a26412cea57fff,36.99,-88.505,Kentucky
599801,7593271.0,8a44d8b1e267fff,35.088,-81.908,South Carolina
599802,7593277.0,8a2a141682d7fff,41.762,-72.775,Connecticut
599803,7593282.0,8a44c8316d87fff,35.667,-84.84,Tennessee
599804,7593293.0,8a2aa2202b77fff,41.136,-78.895,Pennsylvania
599805,7593294.0,8a446a00b827fff,31.224,-93.695,Texas
599806,7593298.0,8a2a1056b91ffff,40.952,-74.031,New Jersey
599807,7593317.0,8a44dbbae607fff,36.002,-81.388,North Carolina
599808,7593319.0,8a264e7166cffff,36.316,-89.314,Tennessee
599809,7593328.0,8a26eaaa9237fff,35.519,-95.933,Oklahoma
599810,7593333.0,8a2aacb10607fff,39.916,-75.379,Pennsylvania
599811,7593334.0,8a44daaf6347fff,35.401,-80.546,North Carolina
599812,7593335.0,8a44e86094c7fff,33.537,-86.221,Alabama
599813,7593345.0,8a26e1ae6307fff,37.683,-95.448,Kansas
599814,7593355.0,8a44c161ed5ffff,34.012,-83.772,Georgia
599815,7593361.0,8a44ccd156d7fff,33.919,-84.741,Georgia
599816,7593364.0,8a44d8233827fff,35.451,-81.596,North Carolina
599817,7593365.0,8a2ab38dd7b7fff,41.391,-81.739,Ohio
599818,7593390.0,8a2664416367fff,41.626,-87.975,Illinois
599819,7593394.0,8a266bb5cb9ffff,37.009,-85.888,Kentucky
599820,7593397.0,8a2ad26a9507fff,34.177,-79.827,South Carolina
599821,7593422.0,8a267208d56ffff,40.478,-93.015,Missouri
599822,7593427.0,8a44db99d86ffff,35.684,-81.169,North Carolina
599823,7593431.0,8a26ea95edb7fff,35.985,-96.014,Oklahoma
599824,7593438.0,8a274926e64ffff,41.447,-84.013,Ohio
599825,7593474.0,8a2836c66847fff,37.431,-120.781,California
599826,7593481.0,8a2a8982d48ffff,36.496,-77.881,North Carolina
599827,7593483.0,8a44c392e54ffff,33.416,-83.251,Georgia
599828,7593486.0,8a444ec5d037fff,32.407,-92.093,Louisiana
599829,7593497.0,8a264472ad1ffff,39.164,-89.653,Illinois
599830,7593499.0,8a44e0495c87fff,30.504,-84.269,Florida
599831,7593517.0,8a28a90e4ac7fff,44.198,-121.32,Oregon
599832,7593518.0,8a44e243401ffff,30.682,-83.325,Georgia
599833,7593520.0,8a26cbd89d1ffff,32.652,-97.324,Texas
599834,7593529.0,8a2a14651497fff,41.39,-73.453,Connecticut
599835,7593534.0,8a2742b96347fff,45.267,-88.253,Wisconsin
599836,7593548.0,8a4899783587fff,31.709,-99.042,Texas
599837,7593552.0,8a444558d26ffff,30.356,-92.107,Louisiana
599838,7593554.0,8a274992cacffff,42.396,-83.885,Michigan
599839,7593564.0,8a26487118dffff,35.53,-88.29,Tennessee
599840,7593585.0,8a2a10745497fff,40.598,-73.969,New York
599841,7593602.0,8a275922a22ffff,41.956,-88.062,Illinois
599842,7593603.0,8a26ec6432effff,36.551,-94.968,Oklahoma
599843,7593614.0,8a260d8ac79ffff,41.606,-93.845,Iowa
599844,7593624.0,8a446ac13d0ffff,30.797,-93.323,Louisiana
599845,7593633.0,8a44dd64c88ffff,35.384,-82.524,North Carolina
599846,7593638.0,8a446c34a927fff,30.009,-95.531,Texas
599847,7593646.0,8a260c16aca7fff,42.063,-94.872,Iowa
599848,7593655.0,8a2656765467fff,38.949,-94.448,Missouri
599849,7593661.0,8a2758c4062ffff,43.372,-89.524,Wisconsin
599850,7593663.0,8a44ee0cba07fff,32.571,-85.523,Alabama
599851,7593671.0,8a2aaea23daffff,39.74,-76.785,Pennsylvania
599852,7593684.0,8a26c19a5a47fff,35.738,-97.498,Oklahoma
599853,7593685.0,8a2759350a77fff,42.011,-87.979,Illinois
599854,7593693.0,8a2aac975a87fff,40.216,-75.295,Pennsylvania
599855,7593702.0,8a4455419367fff,30.412,-88.838,Mississippi
599856,7593704.0,8a265b4956e7fff,34.778,-92.479,Arkansas
599857,7593716.0,8a444e1a1a6ffff,32.486,-92.14,Louisiana
599858,7593719.0,8a26467729a7fff,38.83,-90.896,Missouri
599859,7593726.0,8a2ab66d09affff,42.67,-82.916,Michigan
599860,7593731.0,8a26de79e527fff,33.613,-101.928,Texas
599861,7593741.0,8a2a3330c117fff,41.509,-71.326,Rhode Island
599862,7593743.0,8a268c61b0a7fff,38.847,-104.827,Colorado
599863,7593747.0,8a44ca7562a7fff,35.986,-83.319,Tennessee
599864,7593751.0,8a44e068568ffff,30.896,-84.538,Georgia
599865,7593768.0,8a26c865980ffff,32.82,-96.849,Texas
599866,7593780.0,8a2b890734e7fff,42.6,-73.778,New York
599867,7593815.0,8a44de0f6d97fff,34.413,-80.536,South Carolina
599868,7593826.0,8a2a138e3317fff,40.088,-74.122,New Jersey
599869,7593854.0,8a445dd9984ffff,32.55,-90.598,Mississippi
599870,7593858.0,8a44e9d83717fff,33.441,-86.98,Alabama
599871,7593861.0,8a26c8693b37fff,32.909,-97.24,Texas
599872,7593865.0,8a44a1966a97fff,25.466,-80.501,Florida
599873,7593872.0,8a444a2d3c07fff,34.265,-92.122,Arkansas
599874,7593881.0,8a2a9b2e8ca7fff,36.202,-82.946,Tennessee
599875,7593886.0,8a2a331a63affff,41.986,-71.623,Rhode Island
599876,7593893.0,8a2748b12b57fff,42.842,-84.865,Michigan
599877,7593901.0,8a27568b6967fff,46.86,-92.429,Minnesota
599878,7593908.0,8a26ee20c58ffff,36.296,-95.859,Oklahoma
599879,7593909.0,8a44e1b56227fff,31.258,-86.349,Alabama
599880,7593918.0,8a44a92e569ffff,28.936,-81.53,Florida
599881,7593927.0,8a2759adacc7fff,42.104,-87.935,Illinois
599882,7593932.0,8a2aa52ae457fff,41.299,-76.083,Pennsylvania
599883,7593938.0,8a2af63b1167fff,37.001,-76.367,Virginia
599884,7593947.0,8a489c163d67fff,29.437,-98.74,Texas
599885,7593950.0,8a26cb82ad77fff,32.62,-96.674,Texas
599886,7593958.0,8a26ccd86557fff,34.966,-97.033,Oklahoma
599887,7593964.0,8a262022c2b7fff,45.501,-95.117,Minnesota
599888,7593973.0,8a44f3c50107fff,31.037,-81.415,Georgia
599889,7593974.0,8a2aae0d0d5ffff,39.696,-77.514,Maryland
599890,7593976.0,8a2aa8ae4b6ffff,38.781,-76.041,Maryland
599891,7593983.0,8a2a93c5c14ffff,39.415,-84.526,Ohio
599892,7593986.0,8a274d42d167fff,43.001,-84.361,Michigan
599893,7593989.0,8a265bc42347fff,35.064,-91.874,Arkansas
599894,7593991.0,8a446a39990ffff,31.481,-93.763,Texas
599895,7593996.0,8a44f4012717fff,29.241,-82.049,Florida
599896,7594007.0,8a29a08b184ffff,33.603,-117.227,California
599897,7594018.0,8a446c25021ffff,30.132,-95.419,Texas
599898,7594030.0,8a44cc50a20ffff,34.32,-84.551,Georgia
599899,7594043.0,8a29a464ac37fff,33.367,-117.257,California
599900,7594044.0,8a44c9186007fff,36.131,-85.437,Tennessee
599901,7594065.0,8a28f0190c6ffff,45.503,-122.397,Oregon
599902,7594076.0,8a464b92c317fff,21.382,-158.017,Hawaii
599903,7594083.0,8a44c46ae2a7fff,32.202,-83.144,Georgia
599904,7594087.0,8a2986a06747fff,36.188,-115.322,Nevada
599905,7594098.0,8a268cc0585ffff,39.657,-104.859,Colorado
599906,7594100.0,8a44d869594ffff,35.411,-80.917,North Carolina
599907,7594105.0,8a2601422927fff,42.785,-96.798,South Dakota
599908,7594106.0,8a4413576827fff,26.238,-81.618,Florida
599909,7594110.0,8a29a1151c17fff,34.432,-118.56,California
599910,7594112.0,8a48c8164ca7fff,34.924,-110.14,Arizona
599911,7594118.0,8a2aaeb24897fff,39.906,-76.664,Pennsylvania
599912,7594121.0,8a2a846141a7fff,40.308,-80.076,Pennsylvania
599913,7594127.0,8a29a41a638ffff,32.684,-117.07,California
599914,7594130.0,8a2a302ea41ffff,42.182,-70.773,Massachusetts
599915,7594135.0,8a26742f6b1ffff,41.426,-91.068,Iowa
599916,7594147.0,8a275589e747fff,46.241,-89.689,Wisconsin
